date,open,high,low,close,volume,hold,settle
2025-11-26,3739.0,3800.0,3719.0,3800.0,522,440,3775.0
2025-11-27,3791.0,3848.0,3791.0,3833.0,410,726,3811.0
2025-11-28,3839.0,3878.0,3819.0,3872.0,494,1100,3858.0
2025-12-01,3871.0,3987.0,3871.0,3987.0,1451,2034,3949.0
2025-12-02,3984.0,4038.0,3954.0,3968.0,1670,2545,3989.0
2025-12-03,3958.0,4002.0,3934.0,3976.0,1658,2901,3976.0
2025-12-04,3969.0,3981.0,3927.0,3973.0,962,2909,3954.0
2025-12-05,3967.0,3998.0,3965.0,3988.0,433,3081,3982.0
2025-12-08,3995.0,4020.0,3988.0,4020.0,824,3455,4004.0
2025-12-09,4020.0,4028.0,3971.0,3980.0,622,3433,3999.0
2025-12-10,3983.0,3993.0,3944.0,3956.0,849,3442,3966.0
2025-12-11,3957.0,3990.0,3951.0,3975.0,622,3755,3978.0
2025-12-12,3978.0,3983.0,3947.0,3983.0,552,3884,3967.0
2025-12-15,3980.0,3980.0,3959.0,3966.0,672,4049,3969.0
2025-12-16,3961.0,3961.0,3912.0,3912.0,577,4064,3938.0
2025-12-17,3910.0,3910.0,3861.0,3891.0,1381,4241,3885.0
2025-12-18,3886.0,3899.0,3871.0,3880.0,952,4481,3885.0
2025-12-19,3878.0,3893.0,3864.0,3878.0,2660,6219,3880.0
2025-12-22,3878.0,3928.0,3878.0,3900.0,1347,6223,3904.0
2025-12-23,3906.0,3924.0,3895.0,3908.0,1378,5723,3905.0
2025-12-24,3909.0,3929.0,3904.0,3916.0,1059,5464,3917.0
2025-12-25,3922.0,3926.0,3908.0,3912.0,406,5530,3915.0
2025-12-26,3916.0,3926.0,3907.0,3923.0,397,5633,3916.0
2025-12-29,3925.0,3925.0,3893.0,3898.0,547,5585,3901.0
2025-12-30,3893.0,3906.0,3890.0,3904.0,122,5603,3898.0
2025-12-31,3907.0,3915.0,3899.0,3904.0,236,5592,3905.0
2026-01-05,3899.0,3909.0,3855.0,3860.0,1089,5317,3875.0
2026-01-06,3865.0,3865.0,3802.0,3825.0,1288,5385,3821.0
2026-01-07,3834.0,3835.0,3792.0,3823.0,729,5362,3809.0
2026-01-08,3832.0,3856.0,3823.0,3826.0,463,5366,3838.0
2026-01-09,3818.0,3829.0,3780.0,3807.0,888,5527,3795.0
2026-01-12,3800.0,3800.0,3774.0,3783.0,399,5456,3784.0
2026-01-13,3771.0,3797.0,3766.0,3782.0,315,5393,3787.0
2026-01-14,3782.0,3792.0,3772.0,3792.0,254,5357,3780.0
2026-01-15,3800.0,3818.0,3792.0,3810.0,456,5249,3808.0
2026-01-16,3811.0,3811.0,3791.0,3807.0,122,5245,3802.0
2026-01-19,3783.0,3801.0,3782.0,3789.0,310,5301,3790.0
2026-01-20,3795.0,3795.0,3768.0,3779.0,396,5324,3777.0
2026-01-21,3783.0,3792.0,3768.0,3768.0,270,5414,3779.0
2026-01-22,3775.0,3789.0,3770.0,3776.0,330,5461,3778.0
2026-01-23,3768.0,3784.0,3768.0,3770.0,250,5427,3772.0
2026-01-26,3790.0,3790.0,3752.0,3762.0,308,5467,3763.0
2026-01-27,3759.0,3761.0,3704.0,3715.0,755,5366,3728.0
2026-01-28,3715.0,3721.0,3704.0,3721.0,591,5584,3708.0
2026-01-29,3710.0,3725.0,3706.0,3709.0,255,5664,3711.0
2026-01-30,3708.0,3712.0,3691.0,3695.0,1164,5341,3699.0
2026-02-02,3695.0,3718.0,3695.0,3699.0,979,5186,3703.0
2026-02-03,3697.0,3709.0,3685.0,3691.0,524,5291,3693.0
2026-02-04,3685.0,3700.0,3682.0,3698.0,352,5180,3689.0
2026-02-05,3690.0,3732.0,3690.0,3718.0,944,5177,3714.0
2026-02-06,3713.0,3735.0,3710.0,3728.0,336,5223,3722.0
2026-02-09,3740.0,3750.0,3722.0,3744.0,660,5348,3740.0
2026-02-10,3743.0,3748.0,3702.0,3713.0,875,5499,3724.0
2026-02-11,3712.0,3718.0,3685.0,3697.0,1037,5917,3702.0
2026-02-12,3697.0,3724.0,3693.0,3724.0,717,5847,3712.0
2026-02-13,3724.0,3736.0,3711.0,3735.0,449,5721,3727.0
2026-02-24,3720.0,3738.0,3709.0,3715.0,539,5842,3715.0
2026-02-25,3710.0,3710.0,3671.0,3695.0,2393,5625,3690.0
2026-02-26,3684.0,3691.0,3608.0,3649.0,2370,5787,3649.0
2026-02-27,3643.0,3672.0,3642.0,3669.0,691,5847,3656.0
2026-03-02,3642.0,3676.0,3642.0,3657.0,384,5835,3661.0
2026-03-03,3651.0,3656.0,3632.0,3643.0,441,5750,3642.0
2026-03-04,3635.0,3654.0,3635.0,3654.0,183,5744,3649.0
2026-03-05,3654.0,3674.0,3654.0,3661.0,345,5656,3666.0
2026-03-06,3661.0,3676.0,3648.0,3676.0,584,5642,3666.0
2026-03-09,3673.0,3773.0,3673.0,3711.0,1360,5586,3727.0
2026-03-10,3707.0,3711.0,3683.0,3703.0,562,5845,3698.0
2026-03-11,3705.0,3718.0,3704.0,3717.0,468,5988,3710.0
2026-03-12,3718.0,3734.0,3718.0,3725.0,416,6094,3726.0
2026-03-13,3721.0,3801.0,3715.0,3733.0,1152,6138,3743.0
2026-03-16,3733.0,3745.0,3713.0,3721.0,455,6246,3721.0
2026-03-17,3715.0,3722.0,3703.0,3716.0,510,6510,3714.0
2026-03-18,3720.0,3720.0,3689.0,3692.0,661,6612,3699.0
2026-03-19,3696.0,3715.0,3674.0,3679.0,791,6807,3692.0
2026-03-20,3679.0,3701.0,3667.0,3700.0,682,6960,3687.0
2026-03-23,3700.0,3736.0,3693.0,3730.0,1146,6798,3720.0
2026-03-24,3727.0,3736.0,3711.0,3728.0,645,6837,3724.0
2026-03-25,3720.0,3741.0,3713.0,3736.0,899,7143,3730.0
2026-03-26,3736.0,3779.0,3729.0,3774.0,2443,7115,3761.0
2026-03-27,3776.0,3783.0,3761.0,3773.0,648,7059,3770.0
2026-03-30,3760.0,3774.0,3751.0,3765.0,1070,6856,3765.0
2026-03-31,3773.0,3777.0,3753.0,3754.0,577,6804,3766.0
2026-04-01,3763.0,3770.0,3727.0,3733.0,1409,6570,3738.0
2026-04-02,3737.0,3737.0,3677.0,3688.0,3646,7335,3697.0
2026-04-03,3687.0,3687.0,3671.0,3678.0,1875,8073,3677.0
2026-04-07,3677.0,3683.0,3644.0,3656.0,3736,9734,3655.0
2026-04-08,3653.0,3667.0,3631.0,3664.0,3394,10803,3644.0
2026-04-09,3660.0,3680.0,3653.0,3675.0,1410,10486,3668.0
2026-04-10,3678.0,3702.0,3668.0,3676.0,2194,10081,3679.0
2026-04-13,3680.0,3707.0,3596.0,3605.0,8531,11413,3636.0
2026-04-14,3606.0,3618.0,3570.0,3603.0,3270,11832,3601.0
2026-04-15,3578.0,3626.0,3578.0,3614.0,4763,11990,3595.0
2026-04-16,3614.0,3630.0,3594.0,3600.0,2191,12112,3606.0
2026-04-17,3607.0,3614.0,3569.0,3586.0,4294,11839,3592.0
2026-04-20,3570.0,3611.0,3570.0,3589.0,4777,13800,3583.0
2026-04-21,3590.0,3604.0,3571.0,3579.0,3809,14601,3584.0
2026-04-22,3580.0,3617.0,3580.0,3597.0,7474,17911,3595.0
2026-04-23,3600.0,3632.0,3600.0,3632.0,5598,19484,3622.0
2026-04-24,3629.0,3664.0,3622.0,3660.0,3602,19868,3641.0
2026-04-27,3659.0,3692.0,3650.0,3684.0,7020,21341,3678.0
2026-04-28,3685.0,3685.0,3644.0,3662.0,4849,21804,3659.0
2026-04-29,3651.0,3690.0,3649.0,3674.0,5450,24177,3663.0
2026-04-30,3680.0,3752.0,3669.0,3715.0,9265,26429,3719.0
2026-05-06,3719.0,3746.0,3653.0,3661.0,9574,27000,3688.0
2026-05-07,3680.0,3680.0,3620.0,3654.0,9139,30405,3647.0
2026-05-08,3666.0,3701.0,3637.0,3649.0,9663,32067,3671.0
2026-05-11,3670.0,3703.0,3666.0,3700.0,10878,34899,3685.0
2026-05-12,3700.0,3701.0,3645.0,3668.0,11521,35603,3670.0
2026-05-13,3668.0,3694.0,3649.0,3685.0,8762,34125,3676.0
2026-05-14,3690.0,3732.0,3677.0,3716.0,6899,34555,3708.0
2026-05-15,3730.0,3779.0,3718.0,3739.0,12374,35825,3740.0
2026-05-18,3730.0,3829.0,3718.0,3829.0,13743,37114,3773.0
2026-05-19,3824.0,3859.0,3796.0,3813.0,15883,40814,3827.0
2026-05-20,3810.0,3892.0,3810.0,3882.0,21737,48299,3850.0
2026-05-21,3869.0,3900.0,3852.0,3864.0,14549,51949,3873.0
2026-05-22,3875.0,3889.0,3818.0,3871.0,19293,54697,3850.0
2026-05-25,3870.0,3870.0,3750.0,3781.0,25745,56008,3795.0
2026-05-26,3800.0,3874.0,3781.0,3868.0,23203,62292,3837.0
2026-05-27,3898.0,3938.0,3850.0,3876.0,36115,67299,3893.0
2026-05-28,3861.0,3892.0,3804.0,3838.0,30229,68405,3838.0
2026-05-29,3834.0,3905.0,3830.0,3865.0,34400,73481,3861.0
2026-06-01,3933.0,4077.0,3930.0,3997.0,102226,82984,3997.0
2026-06-02,3998.0,4000.0,3871.0,3900.0,63756,88589,3930.0
2026-06-03,3900.0,3939.0,3844.0,3902.0,46501,95777,3887.0
2026-06-04,3900.0,3926.0,3860.0,3914.0,62332,107650,3889.0
2026-06-05,3911.0,4035.0,3880.0,3988.0,93283,108656,3959.0
2026-06-08,3988.0,4038.0,3946.0,3960.0,68523,107081,3994.0
2026-06-09,3960.0,4019.0,3913.0,4014.0,63779,106993,3964.0
2026-06-10,4003.0,4064.0,3983.0,4022.0,50700,107886,4018.0
2026-06-11,4026.0,4058.0,3984.0,4042.0,49001,111021,4027.0
2026-06-12,4016.0,4129.0,4015.0,4116.0,53280,110688,4083.0
2026-06-15,4130.0,4214.0,4071.0,4213.0,71092,118346,4148.0
2026-06-16,4203.0,4262.0,4197.0,4235.0,70039,124951,4233.0
2026-06-17,4215.0,4233.0,4141.0,4190.0,78687,124263,4181.0
2026-06-18,4161.0,4198.0,4023.0,4069.0,120370,116854,4109.0
2026-06-22,4000.0,4039.0,3879.0,3881.0,96526,107445,3966.0
2026-06-23,3895.0,3987.0,3895.0,3980.0,84561,115360,3947.0
2026-06-24,3930.0,4030.0,3925.0,4020.0,64392,120255,3984.0
2026-06-25,4008.0,4048.0,3958.0,4013.0,72774,123031,4008.0
2026-06-26,3999.0,4058.0,3993.0,4047.0,72831,128068,4028.0
2026-06-29,4028.0,4148.0,4014.0,4097.0,96690,135068,4098.0
2026-06-30,4100.0,4129.0,4027.0,4069.0,87610,136466,4068.0
2026-07-01,4058.0,4073.0,3983.0,4028.0,101271,136790,4023.0
2026-07-02,4036.0,4057.0,3997.0,4027.0,56831,138630,4024.0
2026-07-03,4015.0,4054.0,4009.0,4054.0,50747,138483,4032.0
2026-07-06,4059.0,4107.0,4038.0,4081.0,74053,139502,4069.0
2026-07-07,4080.0,4080.0,4045.0,4066.0,41962,138854,4058.0
2026-07-08,4059.0,4142.0,4052.0,4138.0,85581,141193,4109.0
2026-07-09,4120.0,4236.0,4058.0,4143.0,178250,140620,4147.0
2026-07-10,4199.0,4212.0,4152.0,4201.0,94808,145531,4185.0
2026-07-13,4180.0,4189.0,4101.0,4111.0,92393,138724,4128.0
2026-07-14,4111.0,4114.0,3970.0,3993.0,109666,130792,4038.0
2026-07-15,4020.0,4085.0,4001.0,4080.0,94157,140109,4049.0
2026-07-16,4055.0,4109.0,4040.0,4087.0,88269,149537,4075.0
2026-07-17,4085.0,4109.0,4027.0,4052.0,86538,140734,4057.0
2026-07-20,4063.0,4063.0,3921.0,3959.0,120181,137655,3979.0
2026-07-21,3917.0,3979.0,3897.0,3964.0,95149,137483,3942.0
2026-07-22,3960.0,4007.0,3943.0,3952.0,74218,145595,3972.0
2026-07-23,3952.0,3996.0,3921.0,3985.0,78648,146997,3959.0
2026-07-24,3975.0,3982.0,3813.0,3836.0,153924,131248,3893.0
2026-07-27,3876.0,3876.0,3812.0,3843.0,71125,132549,3840.0
2026-07-28,3870.0,3891.0,3849.0,3863.0,58934,133516,3868.0
2026-07-29,3859.0,3885.0,3831.0,3849.0,64203,134413,3860.0
2026-07-30,3840.0,3840.0,3756.0,3766.0,85012,131747,3788.0
2026-07-31,3748.0,3783.0,3721.0,3753.0,77977,135966,3750.0
2026-08-03,3796.0,3879.0,3788.0,3867.0,115866,147365,3845.0
2026-08-04,3875.0,3875.0,3770.0,3791.0,121007,154248,3818.0
2026-08-05,3800.0,3849.0,3796.0,3831.0,100669,156115,3824.0
2026-08-06,3840.0,3870.0,3806.0,3865.0,115781,166137,3836.0
2026-08-07,3863.0,3907.0,3848.0,3888.0,118113,169105,3880.0
2026-08-10,3895.0,3898.0,3811.0,3831.0,114891,171396,3851.0
2026-08-11,3825.0,3848.0,3753.0,3756.0,137949,172505,3789.0
2026-08-12,3766.0,3846.0,3754.0,3844.0,145045,180863,3803.0
2026-08-13,3866.0,3888.0,3840.0,3862.0,129395,184269,3868.0
2026-08-14,3886.0,3899.0,3844.0,3884.0,140014,182787,3872.0
2026-08-17,3900.0,3916.0,3827.0,3851.0,127668,191193,3858.0
2026-08-18,3838.0,3838.0,3730.0,3787.0,165572,193266,3794.0
2026-08-19,3762.0,3827.0,3723.0,3732.0,197689,186374,3780.0
2026-08-20,3733.0,3803.0,3726.0,3788.0,136376,182926,3761.0
2026-08-21,3785.0,3809.0,3728.0,3752.0,147330,178891,3767.0
2026-08-24,3782.0,3791.0,3684.0,3687.0,170573,185619,3740.0
2026-08-25,3673.0,3712.0,3628.0,3692.0,184792,185490,3670.0
2026-08-26,3679.0,3742.0,3669.0,3728.0,139892,191779,3708.0
2026-08-27,3720.0,3733.0,3688.0,3715.0,111632,196277,3712.0
2026-08-28,3702.0,3738.0,3681.0,3734.0,117534,196978,3707.0
2026-08-31,3737.0,3758.0,3700.0,3722.0,136072,198506,3725.0
2026-09-01,3715.0,3722.0,3656.0,3687.0,172391,214726,3683.0
2026-09-02,3687.0,3699.0,3651.0,3655.0,133128,219657,3672.0
2026-09-03,3655.0,3727.0,3655.0,3717.0,185487,228253,3703.0
2026-09-04,3710.0,3749.0,3708.0,3738.0,174568,232058,3732.0
2026-09-07,3758.0,3830.0,3729.0,3827.0,326207,250598,3791.0
2026-09-08,3825.0,3853.0,3805.0,3806.0,313144,260482,3823.0
2026-09-09,3807.0,3836.0,3796.0,3825.0,287982,270019,3819.0
2026-09-10,3810.0,3862.0,3803.0,3842.0,304787,266726,3840.0
2026-09-11,3828.0,3845.0,3791.0,3829.0,286535,267863,3817.0
2026-09-14,3860.0,3886.0,3840.0,3854.0,312016,284889,3860.0
2026-09-15,3845.0,3845.0,3763.0,3769.0,368512,285210,3798.0
